,mean_original,median_original,std_original,mean_winsor,median_winsor,std_winsor
daily_return,-0.0014342641042327112,-0.0001873224165654,0.04057855367674394,,,
daily_return_2,-0.0006683130550269102,-0.0001739218376142,0.02506798778105954,,,
daily_return_winsor,,,,-0.00025094101500171896,-0.0001873224165654,0.010623085304359391
daily_return_2_winsor,,,,-0.00018052250921542058,-0.0001739218376142,0.008312227135737246
