,slope,intercept,r2,mae
all,1.7975892795503032,0.7220960292357201,0.5349660376014858,2.3831441622669947
filtered_iqr,1.6563116856386055,1.4572604478762354,0.6806457878480937,1.8631272421408103
winsorized,1.7114347667068768,1.0260696218681602,0.7425753075489648,1.8193699470244993
